town,link
Newark,http://www.newark.org/home/showdocument?id=4251
Jersey City,https://www.nj.gov/dca/divisions/sandyrecovery/pdf/NRC39562_ZoningMap.pdf
Paterson,https://www.patersonnj.gov/egov/documents/1462910718_22204.pdf
Elizabeth,https://elizabethnj.org/DocumentCenter/View/1351
Lakewood,https://www.lakewoodnj.gov/images/db/sforsyth-2537-2017-Zoning-Map-by-RVE-adopted-12.7.17.pdf
Edison,https://www.edisonnj.org/Departments/Engineering%20Department/ZONING%20MAP.pdf
Woodbridge,https://www.twp.woodbridge.nj.us/DocumentCenter/View/729/Zoning-Map--Revised-June2021--PDF
Toms River,https://www.tomsrivertownship.com/DocumentCenter/View/429/30-by-42-Zoning-Map-PDF
Hamilton township,https://www.mercercounty.org/home/showpublisheddocument/1196/636058407084070000
Trenton,https://www.trentonnj.org/379/Zoning-Map-PDF
Clifton,http://www.firstlooksagency.com/website_design_examples/passaic/ZONINGMAP.pdf
Cherry Hill,https://www.chnj.gov/948/Zoning-Map
Brick,http://www.bricktownship.net/wp-content/uploads/2020/05/Zoning-Schedule-Permitted-Uses.pdf
Camden,https://glotwp.com/pdfs/CommunityDev/GT-Zoning20100302.pdf
Bayonne,https://www.bayonnenj.org/_Content/pdf/forms/tax/2020-Zoning-Map-Updated-September-2020.pdf
Passaic,http://www.firstlooksagency.com/website_design_examples/passaic/ZONINGMAP.pdf
East Orange,https://www.eastorange-nj.gov/235/Zoning-Map-PDF
Union City,https://www.ucpanj.org/_content/pdf/Zoning_Map_UC.pdf
Franklin township,https://www.franklintownshipnj.org/DocumentCenter/View/2060/Zoning-Map---Franklin-Township-PDF
Middletown,https://www.middletownnj.org/596/Brush-and-Leaf-Zone-Map
Old Bridge,https://core-docs.s3.amazonaws.com/documents/asset/uploaded_file/880618/2020-01-13_Zoning_Map_Signed_Small.pdf
Gloucester,https://glotwp.com/pdfs/CommunityDev/GT-Zoning20100302.pdf
North Bergen,https://www.northbergen.org/_Content/pdf/NB2006zoningmap2.pdf
Irvington,https://irvington.net/wp-content/uploads/2015/12/2015_Master_Plan_04-02.pdf
Piscataway,https://www.piscatawaynj.org/Document_Center/Department/Community%20Development/Engineering%20Division/Maps/PwayZoningMapCad_CO.pdf
Vineland,http://www.vinelandcity.org/wp-content/uploads/2018/03/Master-Plan_DRAFT_April-2008_.pdf
Hoboken,https://assets.website-files.com/58407e2ebca0e34c30a2d39c/5e445862daa11bd8ce29c36c_Zoning_Map_112219-block.pdf
Union township,https://uniontownship.com/DocumentCenter/View/4250/Zoning-Map-last-revised-October-2010-PDF
Jackson,https://www.jacksontwpnj.net/257/Zoning-Map-PDF
Parsippany-Troy Hills,https://www.parsippany.net/Archive.aspx?ADID=315
Perth Amboy,http://perthamboy.hosted.civiclive.com/UserFiles/Servers/Server_11204924/File/Departments/City%20Clerk/Zoning%20Map/zoning-map.pdf
New Brunswick,https://www.eastbrunswick.org/DocumentCenter/View/1007/2018-Zoning-Map-PDF
Wayne,https://www.fairfieldnj.org/maps/Zoning_Map.pdf
Plainfield,https://www.plainfieldnj.gov/Document_Center/Resident/Maps%20and%20Real%20Estate/2015-Zoning-Map-06-2015.pdf
Howell,https://www.twp.howell.nj.us/DocumentCenter/View/2420/Zoning-Map-2016-11-01?bidId=
Bloomfield,https://www.bloomfieldtwpnj.com/DocumentCenter/View/86/2014-Zoning-Map-PDF
West New York,https://www.westnewyorknj.org/_Content/pdf/Zoning-Map.pdf
East Brunswick,https://www.eastbrunswick.org/DocumentCenter/View/1007/2018-Zoning-Map-PDF
West Orange,https://www.westorange.org/DocumentCenter/View/2073
Washington township,https://www.twp.washington.nj.us/Planning%20and%20Zoning/Washington%20Township%20Zoning%20Map.pdf
Monroe township,http://monroetownshipnj.org/wp-content/uploads/2018/07/Zoning-Map.pdf
Egg Harbor,https://www.ehtgov.org/Land%20Use/Zoning%20Map.pdf
South Brunswick,http://www.southbrunswicknj.gov/images/maps/Zoning_map_061014.pdf
Evesham,https://pdf4pro.com/file/d17c5/pdf_zoning_map.pdf.pdf
Hackensack,http://hackensack.org/filestorage/6876/8776/8778/hackensackzoning_map.pdf
Bridgewater,http://www.bridgewaternj.gov/wp-content/uploads/2017/03/Zoning-Map-02-28-17.pdf
Sayreville,http://www.sayreville.com/documents/code_enforcment_zoning/zoningmap.pdf
Manchester,http://www.manchestertwp.com/wp-content/uploads/2018/07/Zoning-Map_171113-Adopted.pdf
Mount Laurel,https://www.mountlaurel.com/Document%20Center/Department/Planning%20&%20Zoning/NEWMount_Laurel_Zoning_062118.pdf
North Brunswick,https://northbrunswicknj.gov/wp-content/uploads/2020/09/North-Brunswick-Zoning-2018.pdf
Berkeley,http://www.berkeleytownship.org/document_center/Zoning/092711%20Adopted%20Zoning%20Map.pdf
Linden,https://linden-nj.gov/wp-content/uploads/2020/03/Zoning-Map__2020-GIS.pdf
Hillsborough,https://www.hillsborough-nj.org/meetings/department-documents/planning-zoning-department/zoning/233-zoning-map/file
Kearny,https://meri.njmeadowlands.gov/downloads/gis/maps/Kearny_Zoning_WebMap_District_11x17_Portrait.pdf
Marlboro,https://marlboro-nj.gov/images/maps/ZoningMap.pdf
Teaneck,https://www.teanecknj.gov/media/Residents/Maps/Teaneck%20Election%20District%20Map%209-9-20.pdf
Montclair,https://www.montclairnjusa.org/UserFiles/Servers/Server_5276204/File/Government/Departments/Planning%20Community%20Development/Reports_Studies/HistoricPreservation/MHPC_Redevelopment%20Study%2020190220%20FULL%20FIN.pdf
Manalapan,https://mtnj.org/images/uploads/applications/Ord._2020-10_Union_Hill_Road_Amend_Zoning_Map.pdf
Fort Lee,https://www.fortleenj.org/DocumentCenter/View/417/Zoning-Map-PDF
Winslow,http://winslowtownship.com/filestorage/3308/4683/RANDEVCO_PLAN_%26_ORDINANCE.pdf
Atlantic City,https://www.atlantic-county.org/gis/pdfs/SmartGrowth/ATC_ZoneBuildout.pdf
Belleville,https://www.bellevillenj.org/_Content/pdf/Zoning-Map.pdf
Galloway,http://www.dixonassociates.com/GallowayZoningMap.pdf
Ewing,https://www.ewingnj.org/filelink/fileman-files/ETRA/ZoningMapsm1.pdf
Monroe,http://monroetownshipnj.org/wp-content/uploads/2018/07/Zoning-Map.pdf
Pennsauken,https://www.twp.pennsauken.nj.us/sites/default/files/Zoningmap-Colonial-05.pdf
Freehold,https://twp.freehold.nj.us/assets/files/Maps/zoning.pdf
Fair Lawn,https://www.fairlawn.org/sites/default/files/field/files-docs/official_zoningmap_3-1-2017_0.pdf
City of Orange,http://www.ci.orange.nj.us/Orange_Township_Master_Plan_2018_(FINAL)r.pdf
Lawrence township,https://www.lawrencetwpcumberlandnj.com/Minutes_and_Other_Municipal_Documents/zoningmap2003color.pdf
Garfield,https://www.garfieldnj.org/_Content/pdf/zoning.pdf
Deptford,https://deptford-nj.org/filestorage/18661/2545/12430/2015_UDO_Recodification.pdf
Willingboro,http://www.twp.burlington.nj.us/filestorage/279/714/765/Zoning_Map.pdf
Long Branch,https://evocloud-prod3-public.s3.us-east-2.amazonaws.com/12/media/3243.pdf
Livingston,https://www.livingstonnj.org/449/Zoning-Map-PDF
Voorhees,https://voorheesnj.com/wp-content/uploads/2019/10/nj_aerials-ZONING-MAP_2019.pdf
Westfield,https://www.westfieldnj.gov/238/Zoning-Map-PDF
Princeton,http://princetonnj.gov/DocumentCenter/View/1025/Twp-Zoning-Map-PDF
Nutley,https://evogov.s3.amazonaws.com/media/20/media/1297.pdf
East Windsor,https://www.east-windsor.nj.us/media/Township%20Ordinance/2020/Ordinance%202020-03%20with%20MAP.pdf
Rahway,http://www.cityofrahway.org/wp-content/uploads/2019/10/Rahway-MP-Reexam-May-2019.pdf
West Windsor,https://westwindsornj.org/images/maps/Zoning-Map.pdf
Englewood,http://www.cityofenglewood.org/filestorage/9306/11452/11511/Adopted_2014_Master_Plan_Printable_Version_with_Feb_2015_Amendments_%281%29.pdf
Mount Olive,https://www.mountolivetwpnj.org/sites/g/files/vyhlif4736/f/uploads/22-2019.pdf
Lacey,https://www.nrc.gov/docs/ML0726/ML072680202.pdf
Stafford,https://nj.gov/state/planning/assets/docs/plans/ocean-stafford-township/ocean-stafford-twp-endorsement-zoning-map.pdf
Bergenfield,http://bergenfield.com/downloads/category/27-zoning-board?download=31
Neptune,https://neptunetownship.org/sites/default/files/documents/Engineering/zoning%20map%20color%20June%201%202018.pdf
Bernards,https://www.bernards.org/media/attachments/2020/10/19/zoning-questions-guide.pdf
Ocean,http://www.twpoceannj.gov/maps/otwp_zoningEAST072516.pdf
Millville,http://www.millvillenj.gov/DocumentCenter/View/1565
Hamilton,https://www.mercercounty.org/home/showpublisheddocument/1196/636058407084070000
Bridgeton,http://cityofbridgeton.com/pdf/Zoning%20Reference%20Map.pdf
Pemberton,https://www.pemberton-twp.com/Document%20Center/Community/Township%20Services/ZoningMapPemberton.pdf
Paramus,https://www.paramusborough.org/DocumentCenter/View/104/Borough-of-Paramus-2016-Signed-Zoning-Map-PDF
Wall,https://wallnj.com/DocumentCenter/View/673
Randolph,https://randolphnjedc.com/wp-content/uploads/2018/11/zoning_map.pdf
Lodi,http://twp-lodi.org/wp-content/uploads/2018/08/Lodi_Zoning_2018_11x17_ver2..pdf
Ridgewood,http://mods.ridgewoodnj.net/pdf/engineering/wsu/ActivitiesResources/MapsResources/Zoning_Map_4-2016.pdf
Cliffside Park,https://cliffsideparknj.gov/departments/building%20department/Cliffside_Zoning_Map.pdf
Maplewood,https://www.twp.maplewood.nj.us/engineering/files/zoning-map
Mahwah,https://www.mahwahtwp.org/DocumentCenter/View/127/Zoning-Map-PDF
Rockaway,https://www.rockawaytownship.org/DocumentCenter/View/1267/Zoning-Map-PDF-914-KB
Carteret,https://www.carteret.net/wp-content/uploads//2018/08/Zoning-Map-in-color.pdf
Scotch Plains,http://thejointlibrary.org/archives/TheTimes/1984/1984-12-13/pg_0020.pdf
West Milford,https://www.westmilford.org/FCpdf/OESnri96.pdf
Medford,https://www.medfordtownship.com/filestorage/233/237/color_medford_zoning_map.pdf
South Plainfield,http://www.southplainfieldnj.com/spnj/Zoning%20Board/Zoning%20Map.pdf
Barnegat,http://www.barnegat.net/wp-content/uploads/2011/10/Barnegat-Township-Master-Plan.pdf
Plainsboro,https://www.plainsboronj.com/DocumentCenter/View/106/Plainsboro-Zoning-Map-
Burlington,http://www.twp.burlington.nj.us/filestorage/279/714/765/Zoning_Map.pdf
Cranford,https://www.cranfordnj.org/zoning-and-planning-office/files/cranford-zoning-map-approved-12-16-14
Montgomery,https://www.state.nj.us/dep/wqmp/docs/20190805-montgomery-rocky-hill-wmp-components.pdf
Raritan,https://www.raritan-township.com/meetings/maps/144-2019-zoning-map/file
Glassboro,http://taxmaps.info/docs/zoning/0806_Zoning_Map.pdf
Morris,https://www.morristwp.com/210/Zoning-Map
Roxbury,https://www.roxburynj.us/295/Township-Zoning-Map
North Plainfield,https://docs.northplainfield-nj.gov/maps/zoning.pdf
Summit,https://www.cityofsummit.org/DocumentCenter/View/139/Zoning-Map-PDF-
Roselle,https://www.boroughofroselle.com/_Content/pdf/forms/code/Zoning-Map-Roselle.pdf
Lyndhurst,http://meri.njmeadowlands.gov/downloads/gis/maps/Lyndhurst_Zoning_WebMap_District_11x17_Portrait.pdf
Hillside,https://www.hillsidenj.us/css/hillsidenj/attachments/22986/5ebb2529e9ad6_Zoning_Map.pdf
Montville,http://www.montvillenj.org/DocumentCenter/View/1002/Amended-Zoning-Map-Aug-2016?bidId=
Vernon,https://www.nj.gov/njhighlands/sussex_county/vernon/muni_adopted/vernon_zoning_map_amendments.pdf
West Deptford,https://www.westdeptford.com/Document_Center/Department/Planning%20&%20Zoning/Zoning%20Map.pdf
Secaucus,http://meri.njmeadowlands.gov/downloads/gis/maps/Secaucus_Zoning_WebMap_District_11x17_Portrait.pdf
Lower,https://www.townshipoflower.org/planningandzoning/2010_0520_ZoningMap.pdf
Millburn,https://twp.millburn.nj.us/587/Zoning-Map-PDF
Lindenwold,https://www.lindenwoldnj.gov/joint-land-use/agenda/joint-land-use-board-4
Elmwood Park,http://ftp.elmwoodparknj.us/downloads/category/72-applications-and-forms?download=917:zoning-map
Moorestown,https://www.moorestown.nj.us/DocumentCenter/View/190/Zoning-Map-PDF
Little Egg Harbor,https://www.ehtgov.org/Land%20Use/Zoning%20Map.pdf
Pleasantville,https://www.atlantic-county.org/gis/pdfs/MunicipalZoning/PLVOverlay2-Zoning2011.pdf
Jefferson,https://jeffersontownshippa.com/assets/files/ZONING%20MAP.pdf
Middle,https://www.middletownship.com/zone/Middle%20Zoning%20%20south%20(revised).pdf
Palisades Park,http://palisadesparknj.us/wp-content/uploads/2014/04/Palisades-Park-Zoning-Map.pdf
Morristown,https://www.townofmorristown.org/vertical/sites/%7B0813EA2E-B627-4F82-BBB0-DDEE646947B5%7D/uploads/Land_Development_Ordinance_Zoning_Map.pdf
Hazlet,https://www.hazlettwp.org/DocumentCenter/View/497/Zoning-Map-2005-PDF
Maple Shade,https://www.co.burlington.nj.us/DocumentCenter/View/6695
Hawthorne,https://www.hawthornenj.org/DocumentCenter/View/111/2016-Zoning-Map-PDF
Sparta,https://spartanj.org/wp-content/uploads/2019/01/ZoningMap201610.pdf
Harrison town,http://harrisontwp.us/Business/Maps/2013-Zoning%20Map.pdf
Aberdeen,https://www.aberdeennj.org/DocumentCenter/View/356/018-2018-PDF
Tinton Falls,https://www.tintonfalls.com/government/forms/planning-board/the-master-plan/362-4-landuseplan/file
Point Pleasant,https://ptboro.com/wp-content/uploads/2020/02/ZONING-MAP-converted.pdf
Rutherford,http://static.rutherford-nj.com/building/RutherfordZoningMap.pdf
South Orange Village,https://www.southorange.org/DocumentCenter/View/261/Zoning-and-Redevelopment-Districts-PDF-
Dover,http://www.dover.nj.us/Documents/Planning%20and%20Zoning/Zoning_Map_2018%20Rev%2001-08-18.pdf
Delran,https://www.delrantownship.org/wp-content/uploads/2018/12/Delran_Zoning_Map.pdf
Dumont,https://dumontnj.gov/documents/zoningmap.pdf
Hopewell township,http://www.hopewelltwp.org/DocumentCenter/View/2411/18_082715_Zoning-Maps-with-Sewer-Service
Holmdel,https://www.holmdeltownship-nj.com/DocumentCenter/View/1309
Weehawken,https://www.weehawken-nj.us/home/showpublisheddocument/1410/637732058355870000
Springfield township,http://www.springfieldtownshipnj.org/app/download/7122342224/Zoning+Map.pdf
Denville,http://www.denvillenj.org/departments/docs/Maps/ZoningMap_2014_12_17.pdf
Cinnaminson,https://cinnaminsonnj.org/wp-content/uploads/2020/01/FINAL-Cinnaminson-HEFSP-ADOPTED-8-13-19.pdf
Madison,https://rosenet.org/DocumentCenter/View/1652/2008-Zoning-Map-PDF
New Milford,https://www.newmilfordboro.com/home/180013952/180013952/Images/NM%20Zoning%20map%20dated%2010-2017.pdf
Wyckoff,https://www.wyckoff-nj.com/municipal-records/files/zoning-map
North Arlington,http://meri.njmeadowlands.gov/downloads/gis/maps/North_Arlington_Zoning_WebMap_District_11x17_Portrait.pdf
Franklin,https://www.franklintownshipnj.org/DocumentCenter/View/2060/Zoning-Map---Franklin-Township-PDF
Readington,https://www.readingtontwpnj.gov/images/zoning/Readington-Zoning-Map-Feb_2019.pdf
South River,https://www.southrivernj.org/DocumentCenter/View/373/Zoning-Map-PDF
Warren,https://warrennj.org/252/Zoning-Map-PDF
Pequannock,https://www.peqtwp.org/DocumentCenter/View/8665/Zoning-Map-REV-2019
Clark,https://www.ourclark.com/DocumentCenter/View/52/Zoning-Map-PDF
Robbinsville,https://cms5.revize.com/revize/robbinsville/Planning-Zoning/Map_17_Zoning_Map.pdf
Tenafly,http://www.tenaflynj.org/DocumentCenter/View/90/Zoning-Map-PDF
Haddon,https://www.haddontwp.com/wp-content/uploads/2020/05/HADDON-TOWNSHIP-ZONING-MAP.pdf
Phillipsburg,http://www.phillipsburgnj.org/wp-content/uploads/2019/05/Map-2-Zoning-Districts-05-20-2014.pdf
Mantua,https://mantuatownship.com/wp-content/uploads/2020/02/2019-Zoning-Map.pdf
Asbury Park,https://ecode360.com/AS4053/laws/LF1298100.pdf
Highland Park,https://www.piscatawaynj.org/Document_Center/Department/Community%20Development/Engineering%20Division/ZoneMaps/PwayZone_128.pdf
Metuchen,http://www.metuchennj.org/metnj/DEPARTMENTS/Planning%20%26%20Zoning/Metuchen%20Master%20Plan/I%20-%20Zoning%20Map.pdf?1460674434
Fairview,https://www.kingwoodtownship.com/ktdocuments/FOV1-00069C31/FOV1-00069C32/LUPMap_set.pdf
Branchburg,http://branchburg.nj.us/9-10-18%20Zoning%20Map_AH-3.pdf
Ramsey,https://www.ramseynj.com/DocumentCenter/View/2006/Ramsey-Zoning-Map
Hammonton,http://www.atlantic-county.org/gis/pdfs/SmartGrowth/HAM_ZoneBuildout.pdf
Hanover,https://www.hanovertownship.com/166/Zoning-Map-PDF
Middlesex,https://www.cranburytownship.org/zoning-board-adjustment/files/zoning-map
Verona,https://www.veronanj.org/media/Board%20of%20Adjustment/2021/2021%20Township%20of%20Verona%20Zoning%20Application%20Packet.pdf
Hopatcong,https://www.nj.gov/njhighlands/sussex_county/hopatcong/hopatcong_council_approved/HopatcongHighlandsLandUseOrdinance_Exhibits.pdf
Edgewater,https://www.edgewaternj.org/DocumentCenter/View/5173/Edgewater-Zoning-Mappdf
Saddle Brook,https://saddlebrooknj.us/wp-content/uploads/2021/08/Ordinance_1708-21.pdf
Collingswood,http://www.collingswood.com/government/departments/docs/zoning/1.ZONING%20MAP.pdf
Roselle Park,http://content.rpgov.net/maps/Roselle_Park_Zoning_Map.pdf
New Providence,https://www.newprov.org/download/Planning%20Board/Zoning-Map-11x17-Rev-June-2010.pdf
Harrison,http://harrisontwp.us/Business/Maps/2013-Zoning%20Map.pdf
Eatontown,http://eatontownnj.com/wp-content/uploads/2021/04/2019-Zoning-Map-Master-Plan.pdf
Clinton,http://www.clintontwpnj.com/modules/showdocument.aspx?documentid=2892
Woodland Park,https://www.city-woodlandpark.org/DocumentCenter/View/1672/Zoning-Map-PDF
Little Falls,https://www.lfnj.com/sites/default/files/field/files-docs/little_falls_township_zoning_map_20200910.pdf
Berkeley Heights,https://www.berkeleyheights.gov/DocumentCenter/View/893/Zoning-Map-PDF
Ridgefield Park,https://www.ridgefieldnj.gov/vertical/sites/%7BB4066A45-ED3A-4321-9A1B-3898EDEEE668%7D/uploads/RIDGEFIELD_ZONING_MAP_24x36.pdf
Cedar Grove,https://cedargrovenj.org/wp-content/uploads/2020/06/Essex.Cedar_.Grove_.Masterplan.2020I.Consistency.with_.Zoning.pdf
Red Bank,https://www.redbanknj.org/DocumentCenter/View/2456/Zoning-MapPDF
Florence,https://www.florence-nj.gov/wp-content/uploads/2021/10/zoning-map.pdf
Lumberton,http://www.nj.gov/dca/divisions/codes/codreg/pdf_rsis/resolution01-1.pdf
Oakland,https://www.oakland-nj.org/about-borough/files/zoning-map-2015
Pennsville,http://pennsville.org/download/forms_library/Forms_Notices/notices/zonemap.pdf
Florham Park,http://www.fpboro.net/wp-content/uploads/2015/01/ZONINGMAP-2014.pdf
Woolwich,https://woolwichtwp.org/wp-content/uploads/2020/01/2018-11-Exhibit-A_Zoning-Map.pdf
Haddonfield,http://cms5.revize.com/revize/haddonfield/0417-Zoning%20Map_10-12%20Zoning%20New%20D4-A%20added.pdf
Upper,https://uppertownship.com/wp-content/uploads/2018/09/Zoning-Map-Ord-011-2018.pdf
Freehold borough,https://twp.freehold.nj.us/assets/files/Maps/zoning.pdf
Somerville,https://www.co.somerset.nj.us/home/showpublisheddocument/15573/635960722050000000
Glen Rock,https://glenrocknj.net/vertical/sites/%7BB096DD7C-E007-4467-ABAD-D572BD7C982C%7D/uploads/SKM_C55820111912490.pdf
Hasbrouck Heights,http://hasbrouck-heightsnj.org/borough_maps/Borough%20of%20Hasbrouck%20Heights%20-%20Zoning%20Map.pdf
River Edge,http://riveredgenj.org/media/MASTER%20PLAN/Master%20Plan.pdf
Guttenberg,https://www.guttenbergnj.org/_Content/pdf/forms/Zoning-Map-Guttenberg.pdf
Bound Brook,https://boundbrook-nj.org/wp-content/uploads/2021/08/Zoning-Map_092119.pdf
Wallington,https://www.wallingtonnj.org/sites/g/files/vyhlif1376/f/agendas/ordinance_no._2020-007.pdf
Bordentown,https://d3n8a8pro7vhmx.cloudfront.net/bordentowntownship/pages/55/attachments/original/1473700280/NEW_Bordentown_Township_Zoning_Map_June_2015.pdf?1473700280
Ringwood,http://www.ringwoodnj.net/filestorage/2500/2502/4077/zoning_map.pdf
Bellmawr,https://bellmawr.com/?mdocs-file=205604
East Greenwich,https://eastgreenwichnj.com/wp-content/uploads/2021/03/Zoning-Map-Scan-Master-Plan-Reexamination-Report-10-22-18.pdf
Ridgefield,https://www.ridgefieldnj.gov/vertical/sites/%7BB4066A45-ED3A-4321-9A1B-3898EDEEE668%7D/uploads/RIDGEFIELD_ZONING_MAP_24x36.pdf
Gloucester City,https://glotwp.com/pdfs/CommunityDev/GT-Zoning20100302.pdf
Wanaque,https://www.wanaqueborough.com/vertical/Sites/%7B685BAF4D-C434-4DFB-94F4-1C8D180E9776%7D/uploads/Wanaque_Zoning_Map_2006.pdf
Westwood,https://westwoodnj.gov/DocumentCenter/View/297/Zoning-Map-PDF
Ocean City,https://imageserv11.team-logic.com/mediaLibrary/242/Zoning_Map_eff_10_15_14.pdf
Pompton Lakes,http://www.pomptonlakesgov.com/DocumentCenter/View/528
East Hanover,https://www.easthanovertownship.com/_Content/pdf/ZoningMap.pdf
Franklin Lakes,https://www.franklinlakes.org/vertical/Sites/%7B02E9C1B5-59B4-4B82-8487-CE42C675CF8A%7D/uploads/2016-08-08_Zoning_Map_(2016).pdf
Totowa,http://www.totowanj.org/Attachments/Misc%20Items/zoning%20map.pdf
West Caldwell,https://www.westcaldwell.com/_Content/pdf/Fair-Share-Housing-Agreement-West_Caldwell.pdf
Little Ferry,http://meri.njmeadowlands.gov/downloads/gis/maps/Little_Ferry_Zoning_WebMap_District_11x17_Portrait.pdf
Chatham,https://chathamtownship-nj.gov/vertical/sites/%7B440F80DF-7E94-40B8-B1AE-CE161FC4406A%7D/uploads/Watershed-Protection-Overlay-Districts.pdf
Manville,https://www.co.somerset.nj.us/home/showdocument?id=31428
Lincoln Park,https://www.lincolnpark.org/DocumentCenter/View/1411
Beachwood,http://www.state.nj.us/dca/divisions/sandyrecovery/pdf/RRE0003694MFTomsRiverZoningMap.pdf
Wantage,https://www.wantagetwp.com/municipal/2013/WantageZoningMap.pdf
Pine Hill,http://www.state.nj.us/dca/divisions/sandyrecovery/pdf/RRE0003694MFTomsRiverZoningMap.pdf
Somers Point,http://www.atlantic-county.org/gis/pdfs/SmartGrowth/SOM_ZoneBuildout.pdf
Waterford,http://waterfordtwp.org/pdf/Map9Zoning.pdf
Millstone,https://www.millstonenj.gov/images/zoning/Millstone-Twp-2014-ZONE-MAP.pdf
Southampton,https://www.southamptontownny.gov/DocumentCenter/View/506/Residential-Zoning-Overview-PDF
Hackettstown,https://www.nj.gov/njhighlands/warren_county/hackettstown/6a_Hackettstown_Highlands_Land_Use_Ordinance_Exhibits_Aug2011_Optimized.pdf
Hillsdale,http://www.hillsdalenj.org/vertical/Sites/%7BFE916F8D-CA48-4788-B4B7-6A2BF8501398%7D/uploads/HILLSDALE-ZONING-MAP_cover.pdf
Wood-Ridge,https://www.njwoodridge.org/_Content/pdf/W-R-Zoning-Map.pdf
Maywood,https://www.maywoodnj.com/vertical/sites/%7B3F816141-7A2D-4412-8A8D-6C5C2C1C1341%7D/uploads/MAP(1).pdf
Waldwick,https://www.waldwicknj.org/vertical/Sites/%7B567094C1-458F-4866-B290-7E609A8C3478%7D/uploads/Zoning_Map(1).pdf
East Rutherford,https://www.eastrutherfordnj.net/building-department/files/zoning-map
Mount Holly,http://www.twp.mountholly.nj.us/filestorage/196/310/1103/Zoning_Map.PDF
Kinnelon,https://www.nj.gov/njhighlands/morris_county/kinnelon/6a_Kinnelon_LUO_110520_Exhibits%20(Reduced)_HC.pdf
Woodbury,https://woodbury.nj.us/wp-content/uploads/2011/02/Curb_Appeal_Full_Application_SO_HPC.pdf
Colts Neck,https://www.colts-neck.nj.us/wp-content/uploads/2020/05/ZB1030-Rytter-Resolution.pdf
River Vale,https://www.rivervalenj.org/DocumentCenter/View/84
Keansburg,https://keansburgnj.gov/PDF/construction/zoning-map.pdf
Burlington city,http://www.burlingtonnj.us/departments/housing_and_community_development/docs/Burlington_Zoning_Map_7_1_14.pdf
Matawan,https://www.matawanborough.com/matawan/General%20Notices/Matawan%20Drug%20Free%20Zone%20Map.pdf
Chesterfield,https://chesterfieldtwpnj.gov/images/zoning-map/Chesterfield-Zoning-Map-2018.pdf
South Amboy,https://www.southamboynj.gov/_Content/pdf/SA-City-Zoning-Map.PDF
Leonia,https://www.leonianj.gov/home/showpublisheddocument/1124/637160674542730000
Washington,http://www.twpofwashington.us/home/180006394/180006394/Images/ZoningMap%202006.pdf
Chatham borough,https://chathamborough.org/media/attachments/2021/11/08/chatham-borough-zoning-map-1.pdf
Ventnor City,http://www.atlantic-county.org/gis/pdfs/SmartGrowth/VEN_ZoneBuildout.pdf
Cresskill,http://www.alpinenj07620.org/sitebuildercontent/sitebuilderfiles/zoningmap28x42.pdf
Absecon,https://www.atlantic-county.org/GIS/pdfs/SmartGrowth/ABS_ZoneBuildout.pdf
Westampton,https://www.westamptonnj.gov/zoning-land-use/files/zoning-map
Haledon,https://www.haledonboronj.com/s/zoning-map.pdf
Caldwell,https://caldwell-nj.com/vertical/sites/%7B6BAC054F-223B-4082-A606-DE1D76D33F98%7D/uploads/Meeting_Ordinances_and_Resolutions_for_1.14.20.pdf
Edgewater Park,http://www.edgewaterpark-nj.com/filestorage/173/360/430/1247/zoning_map_04.07.pdf
North Haledon,https://www.northhaledon.com/Document%20Center/How%20Do%20I/Tax%20Map%20Zoning%20Map/Zoning%20Map/zoning%20map.pdf
Mansfield,https://www.mansfieldtwp-nj.com/wp-content/uploads/2014/04/0318-Zoning-Map_Color.pdf
Park Ridge,https://www.parkridgeboro.com/documents/department-documents/planning-board-1/61-comprehensive-master-plan/file
Ocean township,http://www.twpoceannj.gov/maps/otwp_zoningEAST072516.pdf
Boonton town,https://www.boonton.org/DocumentCenter/View/340/Boonton-Zoning-Map---Color-PDF
Clayton,https://www.claytonnj.com/zoning/files/zoning-map
Pitman,https://mantuatownship.com/wp-content/uploads/2020/02/2019-Zoning-Map.pdf
Bogota,https://www.ridgefieldnj.gov/vertical/sites/%7BB4066A45-ED3A-4321-9A1B-3898EDEEE668%7D/uploads/RIDGEFIELD_ZONING_MAP_24x36.pdf
Pittsgrove,https://www.nj.gov/dep/wqmp/docs/20151019-salem-chap-ix-11-pittsgrove-map.pdf
Lopatcong,http://www.nj.gov/njhighlands/warren_county/lopatcong/6a_%20Lopatcong_Land_Use_Ordinance_Exhibits_Optimized.pdf
Audubon,https://www.haddontwp.com/wp-content/uploads/2020/05/HADDON-TOWNSHIP-ZONING-MAP.pdf
Carneys Point,https://www.nj.gov/dep/wqmp/docs/20151019-salem-chap-ix-2-carneys-point-maps.pdf
Long Hill,https://www.longhillnj.gov/BOA/zoning-map.pdf
Closter,http://closternj.us/closter/Documents%20%26%20Forms/Tax%20Maps%20and%20Related%20Documents/Zoning%20Map%20of%20Borough%20of%20Closter.pdf
West Long Branch,https://evocloud-prod3-public.s3.us-east-2.amazonaws.com/12/media/3243.pdf
Montvale,https://www.montvale.org/meetings/board-documents/planning-board/planning-board-documents/610-24x36-zoning-map/file
Northfield,http://www.cityofnorthfield.org/pdf/ZoningMap-1-29-15.pdf
Kenilworth,https://www.kenilworthnj.com/masterplan/Kenilworth%20Zoning%20Map%201995%20-%202011.pdf
Newton,https://www.newtontownhall.com/DocumentCenter/View/1506
Upper Saddle River,https://www.usrtoday.org/wp-content/uploads/2020/11/Ord.-11-20-Overlay-Zone-1-Block-1301-Lot-13.pdf
Runnemede,https://runnemedenj.org/wp-content/uploads/2020/02/Zoning-Map.pdf
Bedminster,http://bedminsternj.hosted.civiclive.com/UserFiles/Servers/Server_10139962/File/Departments/Land%20Use%20Board/Ordinance%20-Land%20Use%20Management%20ORVMU%20TFC%20CLEAN%20as%20of%201-28-21.pdf
Oradell,https://www.oradell.org/building-department/files/zoning-map-2018
Spotswood,https://www.eastbrunswick.org/DocumentCenter/View/1007/2018-Zoning-Map-PDF
Hardyston,http://www.hardyston.com/wp-content/documents/land_use/Zone_Map.pdf
Plumsted,https://www.plumsted.org/land-use-board/files/zoning-map
Butler,http://www.butlerborough.com/documents/zoning%20map.pdf
Byram,https://www.byramtwp.org/useruploads/docs/Byram_Zoning_Map_Adopted_June_2018.pdf
Riverside,http://www.riversidetwp.org/wp-content/uploads/2013/11/Zoning-Map.pdf
North Hanover,http://www.northhanovertwp.com/Zoning/Zoning%200713_B&W_Small.pdf
Bernardsville,https://www.bernardsvilleboro.org/_Content/pdf/forms/dept-zone/Bernardsville-Zoning-Map.pdf
Fairfield township,https://www.fairfieldnj.org/maps/Zoning_Map.pdf
Raritan borough,https://www.raritanboro.org/_Content/pdf/Raritan-Zoning-Districts.pdf
Glen Ridge,http://www.glenridgenj.org/pdfs/ProposedZoneMapOctober2016.pdf
Mansfield township,https://www.mansfieldtwp-nj.com/wp-content/uploads/2014/04/0318-Zoning-Map_Color.pdf
Bloomingdale,http://www.bloomingdalenj.net/documents/building-zoning/bloomingdale_zoningmap_08-26-2019.pdf
Fanwood,https://www.fanwoodnj.org/wp-content/uploads/2016/06/ZoningMapREVISED.pdf
Brigantine,http://www.atlantic-county.org/gis/pdfs/SmartGrowth/BRG_ZoneBuildout.pdf
Chester,https://www.nj.gov/njhighlands/morris_county/chester_township/6a%20Chester%20Twp%20Revised%20LUO%20Exhibits.pdf
Upper Deerfield,https://upperdeerfield.com/2011%20Ordinances/ORD%20670%20ZONING%20MAP%20ORDINANCE.pdf
Dunellen,http://www.dunellen-nj.gov/Coronavirus/departments/construction/docs/Master_Plan__2011__adopted_June_24__2013.pdf
Haddon Heights,https://www.haddontwp.com/wp-content/uploads/2020/05/HADDON-TOWNSHIP-ZONING-MAP.pdf
Berlin borough,https://www.berlinnj.org/Document_Center/Department/Planning%20Zoining/zonemap.pdf
Palmyra,http://boroughofpalmyra.com/wp-content/uploads/2021/06/2021-BOP-Zoning-Map-1.pdf
Rumson,http://www.rumsonnj.gov/downloads/ordinances/Zoning-Map.pdf
Washington borough,http://www.twpofwashington.us/home/180006394/180006394/Images/ZoningMap%202006.pdf
Emerson,https://www.emersonnj.org/vertical/sites/%7B3CE7C79E-1CDE-42D4-BE99-DEDBCE95F9A4%7D/uploads/Adopted_Master_Plan_Re-exam_Report_Reiter_7-9-20.pdf
Green Brook,http://www.greenbrooktwp.org/_readwritedata/_file_depot/a5d3e3d8-fa3b-4d29-b26e-7c9153f37a58.pdf
Upper Freehold,https://uftnj.com/vertical/sites/%7B29A48B69-D399-4AEA-B5DB-D30B4D8313CB%7D/uploads/map_for_paul.pdf
Wharton,http://www.whartonnj.com/images/Zoning_Map.pdf
Keyport,https://www.keyportonline.com/filestorage/4031/4646/7599/7603/zoning_map_new.pdf
Barrington,http://barringtonboro.com/wp-content/uploads/2021/07/Zoning-map-Sept-2016.pdf
Milltown,http://milltownnj.org/DocumentCenter/View/2217/O19-1484-Affordable-Housing-Overlay-Zones
Buena Vista,https://www.buenavistanj.com/wp-content/uploads/2018/08/BVT-Zoning-Map-Draft-1-22-18.pdf
Mountainside,https://mountainside-nj.com/vertical/sites/%7B276ABAC2-0109-45E5-B4B4-AB4B1C9853DC%7D/uploads/ZoningMap18.pdf
Midland Park,https://www.midlandparknj.org/zoning-board-adjustment/files/midland-park-zoning-map
Stratford,https://www.stratfordnj.org/pdf/revit/zoning-map.pdf
Linwood,http://www.linwoodcity.org/pdf/ZoningMapMarch09.pdf
Allendale,https://www.mahwahtwp.org/DocumentCenter/View/127/Zoning-Map-PDF
Tabernacle,https://www.townshipoftabernacle-nj.gov/document_center/LandBoard/zoning_11X172.pdf
North Caldwell,https://www.northcaldwell.org/i/u/10142240/f/0715_ALL.pdf
Rockaway borough,https://www.rockawaytownship.org/DocumentCenter/View/1267/Zoning-Map-PDF-914-KB
Union,https://uniontownship.com/DocumentCenter/View/4250/Zoning-Map-last-revised-October-2010-PDF
Shamong,https://www.shamong.net/vertical/sites/%7B23FE350B-4C74-4538-8594-9B75E8AB3E35%7D/uploads/SHAMONG_Zoning_Map_(Color)_20121231(1).pdf
Watchung,https://watchungnj.gov/government/forms/construction/3-zoning-map/file
Carlstadt,http://www.nj.gov/dca/divisions/sandyrecovery/pdf/NCR40029ZoningMap.pdf
Prospect Park,https://prospectpark.net/Departments/Construction/Prospect%20Park%20Zoning%20Map.pdf
New Hanover,https://www.hanovertownship.com/166/Zoning-Map-PDF
Roseland,https://www.roselandnj.org/sites/g/files/vyhlif3741/f/pages/exisiting_development_zoning_-_zoning_map_-_land_use_plan_-_community_facility_inventory.pdf
Dennis,https://dennistwp.org/wp-content/uploads/2019/04/DennisTownshipZoningMapApril2013-min.pdf
Fair Haven,https://www.fairhavennj.org/zoning-official/files/zoning-dept-zoning-map
Maurice River,http://www.co.cumberland.nj.us/filestorage/22641/22643/22956/22971/Maurice_River_Local_Management_Plan_1991(smaller).pdf
Paulsboro,http://taxmaps.info/docs/zoning/0814_Zoning_Map.pdf
Lebanon,http://www.lebanontownship.net/government/boards/Planning%20Board/zoning_map_3-2002.pdf
Eastampton,https://www.eastampton.com/sites/default/files/fileattachments/planning_amp_land_use/page/2391/2016_zoning_map_update_signed1.pdf
Morris Plains,https://morrisplainsboro.org/wp-content/uploads/2021/04/Morris-Plains-Zoning-Map-2019.pdf
Oceanport,https://oceanportboro.com/meetings/board-documents/planning-board/355-oceanport-zoning-map-20201103/file
Little Silver,http://www.littlesilver.org/ls/Public%20Records/Land%20Use%20Ordinances/Zone%20Map.pdf
Woodcliff Lake,http://woodclifflakenj.govoffice2.com/vertical/sites/%7B4EC636D6-862F-4BF0-9C8C-DF8FBF2D3CB7%7D/uploads/%7BB33D62F5-BB53-4C46-8098-404CE5330624%7D.PDF
Hainesport,https://www.hainesporttownship.com/joint-land-use-board/files/land-use-application-10-2017
Mendham,http://www.mendhamtownship.org/documents/Construction/zone%20map%20513.pdf
Logan,https://taxmaps.info/docs/zoning/0824_Zoning_Map.pdf
Andover,http://www.andoverboroughnj.org/2015/Zoning%20Map%20-%20Andover%20Borough.pdf
Manasquan,https://www.manasquan-nj.gov/planning-zoning-office/files/zoning-map
Mount Arlington,https://mountarlingtonnj.org/wp-content/uploads/2017/02/Borough-Zone-Map-08-20-15.pdf
Belmar,http://www.belmar.com/useruploads/files/zoningmap.pdf
Hightstown,https://www.hightstownborough.com/maps/Zoning-Map-June-2020.pdf
Old Tappan,https://oldtappan.net/government/forms/construction/90-zoning-map-bulk-schedule/file
Tewksbury,https://www.tewksburytwp.net/TEWKSBURY%20Zoning%20Map.pdf
Berlin,https://www.berlinnj.org/Document_Center/Department/Planning%20Zoining/zonemap.pdf
Mullica,http://mullicatownship.org/wp-content/uploads/2017/06/Zoning-Map.pdf
Rochelle Park,https://rochelleparknj.gov/wp-content/uploads/2019/08/Zoning-2.9.16.pdf
Jamesburg,http://www.jamesburgborough.org/SKM_458e19072416300.pdf
Union Beach,https://ecode360.com/UN4050/laws/LF1206665.pdf
Blairstown,https://www.blairstowntownship.org/Zoning/Forms/How%20to%20with%20Zoning%20-%20Residential%20Apr%202020.pdf
Norwood,http://www.boroughofnorthvale.com/building/PDF/Northvale-Zoning-Map-12-15-2020.pdf
Somerdale,https://www.stratfordnj.org/pdf/revit/zoning-map.pdf
Fairfield,https://www.fairfieldnj.org/maps/Zoning_Map.pdf
Greenwich township,http://www.greenwichtownship.org/wp-content/uploads/2020/03/Greenwich-Zoning-Map-1.pdf
Independence,http://independencenj.com/pdfs/zoningmap.pdf
Englewood Cliffs,http://www.englewoodcliffsnj.org/filestorage/309/321/519/521/Business_Zoning_Application.pdf
Clementon,https://clementon-nj.com/wp-content/uploads/2021/04/Zoning-Map.pdf
Allamuchy,https://www.nj.gov/njhighlands/warren_county/allamuchy/2101_HSE_091208.pdf
Margate City,https://www.margate-nj.com/sites/g/files/vyhlif846/f/file/file/margate_zoning-bw_2014.pdf
Frankford,https://www.sussex.nj.us/documents/planning/maps/Zoning11x17.pdf
Salem,https://www.nj.gov/dep/wqmp/docs/20151019-salem-chap-ix-13-salem-city-maps.pdf
Holland,https://www.nj.gov/njhighlands/hunterdon_county/holland/municipal_approved_docs/holland_adopted_Zoning_Map.pdf
Wildwood,https://westwildwood.org/wp-content/uploads/2017/12/Zoning-Map.pdf
Brielle,https://www.briellenj.gov/planning-board/files/zoning-map-schedule-area-requirements
Demarest,https://www.demarestnj.net/Borough/Forms/build_Zoning%20Map.pdf
Franklin borough,https://www.franklintownshipnj.org/DocumentCenter/View/2060/Zoning-Map---Franklin-Township-PDF
Hampton,https://nebula.wsimg.com/64ba1fb31d96ba6d41ea337c18900d5e?AccessKeyId=94D7C485757FEDDC8A3E&disposition=0&alloworigin=1
Spring Lake Heights,https://www.springlakeboro.org/form/zoning/1200-zoning-map.html
Flemington,https://1x92s0382cxd18u0b227oj1e-wpengine.netdna-ssl.com/wp-content/uploads/2021/04/Flemington-Zoning-Map-1.pdf
South Bound Brook,https://www.co.somerset.nj.us/home/showpublisheddocument/34372/637002573035030000
Penns Grove,https://www.nj.gov/dep/wqmp/docs/20151019-salem-chap-ix-8-penns-grove-map.pdf
Delanco,http://www.delancotownship.com/filestorage/5328/5330/5332/5343/8643/Delanco_Zoning_Map_0417.pdf
Alexandria,https://www.nj.gov/njhighlands/hunterdon_county/bethlehem/muni_adopted/beth_twp_adopted_zoning_map_and_reso.pdf
Point Pleasant Beach,https://ptboro.com/wp-content/uploads/2020/02/ZONING-MAP-converted.pdf
Northvale,https://www.boroughofnorthvale.com/building/PDF/Northvale-Zoning-Map-FINAL-11-11-09.pdf
Harrington Park,http://harrpknj.com/pdfs/board_adj/board_adj_appl_form.pdf
Commercial,http://www.commercialtwp.com/Taxmap/Ct-Master-keymap.pdf
Mount Ephraim,https://mountephraim-nj.com/wp-content/uploads/2021/01/Current-Zoning-Map.pdf
Neptune City,https://www.neptunecitynj.com/zoning-code-enforcement/files/zoning-map
Highlands,https://highlandsborough.org/adopted-zoning-map-may-2018/
White,https://white-township.com/admin/files//2017%20November%20White%20Township%20Tax%20Maps.pdf
Delaware,"https://www.nj.gov/agriculture/sadc/home/genpub/Delaware,%20Hunterdon.pdf"
Buena,https://www.buenavistanj.com/wp-content/uploads/2018/08/BVT-Zoning-Map-Draft-1-22-18.pdf
Mountain Lakes,https://mtnlakes.org/wp-content/uploads/2014/11/ML-Zone-Map-11x17.pdf
Garwood,https://garwood.org/vertical/sites/%7B7F1088A0-CEC9-4505-80EE-1DF1BF7DFFBD%7D/uploads/Garwood_Zoning_Map_October_2011.pdf
Elk,http://taxmaps.info/docs/zoning/0804_Zoning_Map.pdf
Atlantic Highlands,https://highlandsborough.org/adopted-zoning-map-may-2018/
Egg Harbor City,https://www.ehtgov.org/Land%20Use/Zoning%20Map.pdf
Hopewell,http://www.hopewelltwp.org/DocumentCenter/View/2411/18_082715_Zoning-Maps-with-Sewer-Service
Boonton,https://www.boontontownship.com/?action=media.media.read&id=192103
Magnolia,https://magnolia-nj.org/vertical/Sites/%7BBEC296E1-071D-491F-A31D-2792B9FCAF6F%7D/uploads/Zoning_Map.pdf
Bradley Beach,https://www.bradleybeachnj.gov/beach-department/files/municipal-public-access-plan
Medford Lakes,https://www.medfordlakes.com/DocumentCenter/View/90/Zoning-Map-PDF
Westville,https://westville-nj.com/wp-content/uploads/2014/07/westvillezoningmap11x172009.pdf
Ho-Ho-Kus,https://www.hhkborough.com/planning-board/files/2019-master-plan
Shrewsbury borough,https://www.shrewsburyboro.com/snj/Forms/Land%20Use%20Forms/Zoning%20Map.pdf
Pilesgrove,http://pilesgrovenj.org/wp-content/uploads/2017/07/Pilesgrove-Zoning-Map-Color.pdf
Lambertville,https://lambertvillenj.org/media/attachments/2020/02/13/april-2019-adopted-zoning-map.pdf
Riverdale,https://www.riverdalenj.gov/_Content/pdf/riverdale-zoning-map.pdf
Mine Hill,https://www.nj.gov/dep/wqmp/docs/20200406-mine-hill-wmp-municipal-maps.pdf
Stillwater,https://stillwatertownshipnj.com/wp-content/uploads/2021/04/Stillwater-Zoning-Map-120412.pdf
Bordentown city,https://cityofbordentown.com/wp-content/uploads/April-2021-Draft-Comprehensive-Master-Plan-Bordentown-City.pdf
Oaklyn,https://www.haddontwp.com/wp-content/uploads/2020/05/HADDON-TOWNSHIP-ZONING-MAP.pdf
East Amwell,https://www.eastamwelltownship.com/157/Zoning-Map
Harding,https://www.hardingnj.org/government/ordinances/2019-ordinances/416-tc-ordinance-05-19-aho-1-aho-2-w-zoning-map/file
Cranbury,https://www.cranburytownship.org/zoning-board-adjustment/files/zoning-map
Merchantville,https://www.ecode360.com/ME0068/laws/LF1195823.pdf
Kingwood,https://www.kingwoodtownship.com/ktdocuments/FOV1-00069C31/FOV1-00069C32/LUPMap_set.pdf
Montague,https://nj.gov/state/planning/assets/docs/plans/sussex-montague/montagueoca.pdf
Bethlehem,https://www.nj.gov/njhighlands/hunterdon_county/bethlehem/muni_adopted/beth_twp_adopted_zoning_map_and_reso.pdf
Woodstown,https://historicwoodstown.org/vertical/sites/%7BE7F6D332-DC61-417D-8E31-6054B23067AE%7D/uploads/ZoningMap.pdf
South Toms River,https://www.southtomsriver.org/uploads/docs/1516027110adopted-zoning-map-2013-07-15.pdf
Green,http://www.greentwp.com/documents/Zoning%20Official/zoning%20map.pdf
North Wildwood,https://northwildwood.com/wp-content/uploads/2016/05/NWLDFLD-5-17-16.pdf
Tuckerton,https://www.njfuture.org/wp-content/uploads/2019/02/New-Jersey-Future-Resilient-Coastal-Communities-Phase-2-Report-5-22-18.pdf
High Bridge,http://www.nj.gov/njhighlands/hunterdon_county/high_bridge/municipal_adopted/zoningmap_highbridge.pdf
Stanhope,https://stanhopenj.gov/wp-content/uploads/2016/05/stanhope-zoning-map.pdf
Upper Pittsgrove,https://www.nj.gov/dep/wqmp/docs/20151019-salem-chap-ix-14-upper-pittgsgrove-maps.pdf
South Harrison,http://harrisontwp.us/Business/Maps/2013-Zoning%20Map.pdf
Netcong,http://netcong.org/plan_endorsement/ZoneMap-9-13-06.pdf
Saddle River,https://www.saddleriver.org/vertical/sites/%7B2E7E07BD-0A79-4A05-9B79-960D47AACDC0%7D/uploads/FINAL_Saddle_River_MP_09_14_10_(002)(1).pdf
Haworth,https://www.haworthnj.org/vertical/sites/%7B3226EF68-541C-456F-8644-AC724E9AC52C%7D/uploads/doc02788520190415135659.pdf
Alloway,http://www.allowaytownship.com/downloads/Housing/Zoning%20Map.pdf
Hamburg,http://www.hardyston.com/wp-content/documents/land_use/Zone_Map.pdf
Springfield,http://www.springfieldtownshipnj.org/app/download/7122342224/Zoning+Map.pdf
Pohatcong,https://www.nj.gov/njhighlands/warren_county/pohatcong/6a_Pohatcong_Highlands_Land_Use_Ordinance_Exhibits_Optimized.pdf
Fredon,https://www.fredonnj.gov/land-use-board/files/zoning-board-resolutions-2015
Monmouth Beach,https://monmouthbeach.org/wp-content/uploads/2018/04/Monmouth-Beach-Lot-and-Impervious-Coverage-Study.pdf
Long Beach,https://www.nj.gov/dep/cmp/access/docs/draftmpaps/long-beach-township.pdf
Deerfield,https://upperdeerfield.com/2011%20Ordinances/ORD%20670%20ZONING%20MAP%20ORDINANCE.pdf
Moonachie,http://meri.njmeadowlands.gov/downloads/gis/maps/Moonachie_Zoning_WebMap_District_11x17_Portrait.pdf
Wildwood Crest,https://www.state.nj.us/dep/cmp/docs/new-detailed-cafra-map.pdf
Woodbury Heights,https://woodbury.nj.us/wp-content/uploads/2011/02/Curb_Appeal_Full_Application_SO_HPC.pdf
Lawrence,http://www.lawrencetwpcumberlandnj.com/Minutes_and_Other_Municipal_Documents/zoningmap2003color.pdf
National Park,https://www.nj.gov/njhighlands/master/tr_land_use_capability_zone_map.pdf
West Amwell,http://www.co.hunterdon.nj.us/pdf/hcpb/endorsement/WestAmwellInitial.pdf
Lawnside,https://www.lawnside.net/documents-library/files/oak-avenue-redevelopment-plan
Woodlynne,https://www.camdencounty.com/wp-content/uploads/2021/02/Draft-9.38-Borough-of-Woodlynne_082521san.pdf
Knowlton,http://knowlton-nj.com/Knowlton%20Twp%20Master%20Plan%20Reexamination%20May%202009.pdf
Pennington,https://www.penningtonboro.org/planning-zoning/files/zoning-map
Spring Lake,https://www.springlakeboro.org/form/zoning/1200-zoning-map.html
Clinton town,http://www.clintontwpnj.com/modules/showdocument.aspx?documentid=2892
Cape May,https://evocloud-prod3-public.s3.us-east-2.amazonaws.com/media/3/media/d9b8abe8-112e-4522-8432-9ee51c50adc3.pdf
Riverton,http://www.riverton-nj.com/wp-content/uploads/2017/07/Zoning-Map.pdf
Swedesboro,http://www.historicswedesboro.com/wp-content/uploads/2012/07/Zoning-Map.pdf
South Hackensack,https://southhackensacknj.org/zoning/documents/ZoningMap.pdf
Liberty,https://www.nj.gov/dca/divisions/sandyrecovery/pdf/NRC39562_ZoningMap.pdf
Lakehurst,https://www.lakehurst-nj.gov/images/land-use-docs/Zoning-Map.pdf
Weymouth,http://www.atlantic-county.org/gis/pdfs/MunicipalZoning/WEY_Zoning.pdf
East Newark,https://www.boroughofeastnewark.com/_Content/pdf/East-Newark-Master-Plan-Reexamination-Report-Adoption-May6-2021.pdf
Quinton,https://www.nj.gov/dep/wqmp/docs/20151019-salem-chap-ix-12-quinton-maps.pdf
Peapack and Gladstone,http://www.peapackgladstone.org/filestorage/144/146/1881/2019_TAX_MAP.pdf
Belvidere,http://white-township.com/admin/files/201030_dnb_Master_Plan_Amendment_reduced.pdf
Harmony,http://www.highlands.state.nj.us/njhighlands/warren_county/harmony/2110_SM01_091208.pdf
Beverly,http://thecityofbeverly.com/wp-content/uploads/2014/06/Beverly-Zoning-Map.pdf
Helmetta,http://www.helmettaboro.com/FCpdf/Land%20Development%20Regulations.pdf
Oxford,https://www.nj.gov/njhighlands/warren_county/oxford/2117_SM08_091208.pdf
Seaside Heights,http://www.state.nj.us/dca/divisions/sandyrecovery/pdf/SBL38657_ZoningMap.pdf
Lafayette,https://www.lafayettetwp.org/maps/Zoning-Map-2015.pdf
Englishtown,http://twp.freehold.nj.us/assets/files/Maps/042312_zoningmap.pdf
Alpha,https://www.alphaboronj.org/Documents/Planning%20Board%20Forms%20and%20Applications/Alpha%20Zoning%20Map%202014.pdf
Wenonah,https://mantuatownship.com/wp-content/uploads/2018/06/Wenonah-Zoning-Map.pdf
Ogdensburg,https://www.sussex.nj.us/documents/planning/maps/Zoning11x17.pdf
Essex Fells,https://www.essexfellsboro.com/_Content/pdf/Essex-Fells-Zoning-Map3.pdf
Frelinghuysen,https://www.frelinghuysen-nj.us/wp-content/uploads/Frelinghuysen_Master_Plan.pdf
Gibbsboro,https://www.gibbsborotownhall.com/files/Zoning_Map_2009_11x17.pdf
Pine Beach,http://www.state.nj.us/dca/divisions/sandyrecovery/pdf/RRE0003694MFTomsRiverZoningMap.pdf
Woodbine,http://boroughofwoodbine.net/common/masterPlan19.pdf
Sea Isle City,https://www.nj.gov/state/planning/assets/docs/plans-current-petitions/cape-may-sea-isle-city/cape-may-sea-isle-city-2007-1201-reexam-report.pdf
Sussex,https://www.sussex.nj.us/documents/planning/maps/Zoning11x17.pdf
Laurel Springs,https://www.laurelsprings-nj.com/combined-land-use-board/zoning/files/zoning-map
Sandyston,https://www.sussex.nj.us/documents/planning/maps/Zoning11x17.pdf
Avon-by-the-Sea,https://www.nj.gov/dep/cmp/access/docs/draftmpaps/avon-by-the-sea.pdf
Ocean Gate,http://www.state.nj.us/dca/divisions/sandyrecovery/pdf/RRE0003694MFTomsRiverZoningMap.pdf
Hopewell borough,https://www.mercercounty.org/home/showpublisheddocument/1218/636058411332600000
Oldmans,https://www.nj.gov/dep/wqmp/docs/20151019-salem-chap-ix-7-oldmans-maps.pdf
Sea Girt,https://www.seabrightnj.org/sbnj/Departments/Unified%20Planning%20Board/Sea%20Bright%20Zoning%20Map.pdf
Hope,https://www.nj.gov/agriculture/sadc/home/genpub/Hopeplan.pdf
Brooklawn,https://brooklawn-nj.com/wp-content/uploads/2021/04/zoning-map.pdf
Folsom,http://www.folsomborough.com/pdfs/zoning-map.pdf
Lavallette,http://www.lavallette.org/forms/LavalletteFloodZoneMap.pdf
Newfield,https://www.franklintownshipnj.org/DocumentCenter/View/2060/Zoning-Map---Franklin-Township-PDF
Alpine,http://www.alpinenj07620.org/sitebuildercontent/sitebuilderfiles/zoningmap28x42.pdf
Allentown,https://allentownboronj.com/vertical/sites/%7B7748EEEB-2391-4653-8B6A-4A64C85A6D79%7D/uploads/Allentown_Zoning_Maps_Complete.pdf
Eagleswood,https://www.state.nj.us/dep/hpo/hrrcn_sandy_OCE_GB_147_148_PDF/OCE_GB_148_v09.pdf
Lower Alloways Creek,https://www.lowerallowayscreek-nj.gov/zoning/files/zoning-map
Lake Como,http://lakecomonj.org/code_enforement/LAKE%20COMO%20ZONING%20MAP.pdf
Glen Gardner,http://www.co.hunterdon.nj.us/taxmaps/GlenGardnerBorough/Glen_Gardner_2016_%20Tax_%20Map.pdf
Chester borough,https://chesterborough.org/wp-content/uploads/2020/04/O2020_05_LU_Dvpmnt_031720_Revised_Intro.pdf
Estell Manor,https://www.atlantic-county.org/gis/pdfs/MunicipalZoning-Aerial/ESTZoning2010_Aerial2013_reduced.pdf
Lebanon borough,http://www.lebanontownship.net/government/boards/Planning%20Board/zoning_map_3-2002.pdf
Island Heights,http://www.state.nj.us/dca/divisions/sandyrecovery/pdf/RRE0003694MFTomsRiverZoningMap.pdf
Hardwick,https://www.hardwick-nj.us/zoning/zoning%20packet.pdf
Victory Gardens,https://victorygardensnj.gov/council-agendas/2018/Council-minutes021318.pdf
Woodland,https://www.woodlandtownship.org/vertical/sites/%7B398AF088-65EC-478C-9A50-C859C1E90BF3%7D/uploads/Zoning_Map.pdf
Chesilhurst,https://www.nj.gov/pinelands/home/maps/maps/documents/2008_04_munilocations.pdf
Farmingdale,https://www.twp.howell.nj.us/DocumentCenter/View/2420/Zoning-Map-2016-11-01?bidId=
Mannington,https://manningtontwp.com/wp-content/uploads/2020/01/2016_Mannington_BinderOfMaps-min.pdf
Sea Bright,https://www.seabrightnj.org/sbnj/Departments/Unified%20Planning%20Board/Sea%20Bright%20Zoning%20Map.pdf
Hampton borough,http://www.nj.gov/njhighlands/njhighlands/hunterdon_county/hampton/6_1013_LUO_091208_HC_WP.pdf
Seaside Park,https://www.seasideparknj.org/wp-content/uploads/2010/03/SSP-ZONE-MAP-FINAL-10-5-09.pdf
Winfield,https://ucnj.org/wp-content/uploads/2015/11/Union-HMP2_Appendix-20_Winfield.pdf
Downe,https://downetwpnj.org/wp-content/uploads/2016/08/DTZoningOrdinance.pdf
Pemberton borough,https://www.pemberton-twp.com/Document%20Center/Community/Township%20Services/ZoningMapPemberton.pdf
Frenchtown,https://frenchtownboro.com/download/clerk-office/ZoningMapAmendment2017_2.pdf
Bass River,http://www.bassriver-nj.org/uploads/3/7/8/5/37857841/official_zoning_map.pdf
Elmer,http://www.nj.gov/dep/wqmp/docs/20151019-salem-chap-ix-3-elmer-maps.pdf
Stow Creek,http://www.stowcreektwp.com/Ordinances/Drafts/Zoning%20map.pdf
Surf City and Avalon,https://www.state.nj.us/dep/cmp/docs/new-detailed-cafra-map.pdf
Avalon,http://www.avalonboro.org/planning-zoning/2007%20AVA%20ZONING%20Map.pdf
Milford,https://www.milford-nj.us/zoning/zoning%20map.pdf
Port Republic,http://www.atlantic-county.org/gis/pdfs/MunicipalZoning/POR_Zoning.pdf
Ship Bottom,https://shipbottom.org/wp-content/uploads/2020/09/SB-MASTER-PLAN-FINAL-5-15-18.pdf
Shrewsbury,https://www.shrewsburyboro.com/snj/Forms/Land%20Use%20Forms/Zoning%20Map.pdf
Beach Haven,https://beachhaven-nj.com/wp-content/uploads/2018/06/Zoning-Map.pdf
West Cape May,https://www.westcapemay.us/document-center/zoning-department/247-master-plan/file.html
Califon,https://www.nj.gov/dep/wqmp/docs/20151005-ur-califon-map.pdf
Elsinboro,https://www.nj.gov/dep/wqmp/docs/20151019-salem-chap-ix-4-elsinboro-maps.pdf
Audubon Park,https://www.haddontwp.com/wp-content/uploads/2020/05/HADDON-TOWNSHIP-ZONING-MAP.pdf
Bay Head,http://www.bayheadnj.org/bhnj/Departments/Planning%20Board/Various%20Planning%20Reports/Borough%20of%20Bay%20Head%20-%20Zoning%20Map.pdf
Hi-Nella,https://www.dvrpc.org/mapping/maps/pdf/Camden_MCDs.pdf
Far Hills,https://www.farhillsnj.org/2020-03%20-%20HOTZ%20-%20AFFORD%20OVERLAY%20ZONE%20ORDINANCE%20NO%20AHO%20ZONE%20(8%20%2010%20PEAPACK%20ROAD)%20(A1194083x9D7D2).%20pdf.pdf
Deal,https://evocloud-prod3-public.s3.us-east-2.amazonaws.com/12/media/3243.pdf
Longport,https://www.longportnj.gov/Maps/zoning-map.pdf
Interlaken,https://www.interlakenboro.com/uploads/2/1/3/0/21304132/2020_zoning_permit_with_diagrams.pdf
Roosevelt,https://www.rooseveltnj.us/images/maps/zoning-map.pdf
Stone Harbor,http://stone-harbor-nj.com/pdfs/Zoning_12-6-2011.pdf
Bloomsbury,https://www.nj.gov/njhighlands/hunterdon_county/bloomsbury/6a_Bloomsbury_Highlands_Land_Use_Ordinance_Exhibits_optimized.pdf
Branchville,https://www.sussex.nj.us/documents/planning/maps/Zoning11x17.pdf
Greenwich,http://www.greenwichtownship.org/wp-content/uploads/2020/03/Greenwich-Zoning-Map-1.pdf
Rocky Hill,https://www.state.nj.us/dep/wqmp/docs/20190805-montgomery-rocky-hill-wmp-components.pdf
Wrightstown,http://www.northhanovertwp.com/Zoning/Zoning%200713_B&W_Small.pdf
Barnegat Light,http://www.barnegat.net/wp-content/uploads/2011/10/Barnegat-Township-Master-Plan.pdf
Andover borough,http://www.andoverboroughnj.org/2015/Zoning%20Map%20-%20Andover%20Borough.pdf
West Wildwood,https://westwildwood.org/wp-content/uploads/2017/12/Zoning-Map.pdf
Fieldsboro,http://www.twp.burlington.nj.us/filestorage/279/714/765/Zoning_Map.pdf
Stockton,http://www.ci.stockton.mn.us/linked_files/city_docs_page/Zoning_Ordinance.pdf
Allenhurst,https://www.allenhurstnj.org/sites/g/files/vyhlif5496/f/agendas/final_zoning_map_revised_8-26-20.pdf
Corbin City,http://aclink.org/GIS/pdfs/SmartGrowth/COR_ZoneBuildout.pdf
Millstone borough,https://millstoneboro.org/wp-content/uploads/2018/05/MB_Zo-Amend-2013-01-07.pdf
Shiloh,http://www.stowcreektwp.com/Ordinances/Drafts/Zoning%20map.pdf
Rockleigh,https://rockleighnj.org/Index_PDF/2018/2018_Rockleigh_Zoning_Map.pdf
Harvey Cedars,http://www.harveycedars.org/documents/ordinances/hc%20code%20book%202019%20january.pdf
Mantoloking,https://www.mantoloking.org/planning-board/files/fiore-resolution
Cape May Point,https://capemaypoint.org/government/document-center/planning-board-forms-documents/1285-land-use-development-application-packet-3-12-20/file.html
Loch Arbour,https://www.state.nj.us/dep/cmp/access/docs/draftmpaps/loch-arbor.pdf
Teterboro,http://meri.njmeadowlands.gov/downloads/gis/maps/Teterboro_Zoning_WebMap_District_11x17_Portrait.pdf
Pine Valley,http://www.state.nj.us/dca/divisions/sandyrecovery/pdf/RRE0003694MFTomsRiverZoningMap.pdf
Tavistock,https://tavistocknj.org/wp-content/uploads/2021/09/Draft-Master-Plan-Reexamination-and-Amendments.pdf
Walpack,http://www.njfishandwildlife.org/pdf/pheasmaps/walpack.pdf
